"Source:","/Users/joseph/Library/CloudStorage/OneDrive-GeorgeMasonUniversity-O365Production/Classwork/Research/Project_BlimpSquad/Projects/Multiagent_RelativeLocalization/hardware/ReLoki_ECAD/ReLoki_ECAD.kicad_sch"
"Date:","Thursday, October 27, 2022 at 10:31:55 AM"
"Tool:","Eeschema (6.0.8-1)-1"
"Generator:","/Applications/KiCad/KiCad.app/Contents/SharedSupport/plugins/bom_csv_grouped_by_value_with_fp.py"
"Component Count:","319"
"Ref","Qnty","Value","Cmp name","Footprint","Description","Vendor"
"C1, ","1","10u","C_Small","Capacitor_SMD:C_0603_1608Metric","Unpolarized capacitor, small symbol",""
"C2, ","1","4u7 35V","C_Small","Capacitor_SMD:C_0603_1608Metric","Unpolarized capacitor, small symbol",""
"C3, ","1","100uF 35V","C_Polarized_Small","Capacitor_SMD:C_Elec_5x5.8","Polarized capacitor, small symbol",""
"C4, ","1","10n 35V","C_Small","Capacitor_SMD:C_0402_1005Metric","Unpolarized capacitor, small symbol",""
"C5, C10, C18, C21, C23, C28, C29, C31, C34, C62, C90, C118, C150, C151, ","14","10n","C_Small","Capacitor_SMD:C_0402_1005Metric","Unpolarized capacitor, small symbol",""
"C6, C7, ","2","8p","C_Small","Capacitor_SMD:C_0402_1005Metric","Unpolarized capacitor, small symbol",""
"C8, C9, ","2","22p","C_Small","Capacitor_SMD:C_0402_1005Metric","Unpolarized capacitor, small symbol",""
"C11, C12, C147, ","3","22u","C_Small","Capacitor_SMD:C_0603_1608Metric","Unpolarized capacitor, small symbol",""
"C13, C16, C19, C20, C24, C25, C26, C30, C36, C37, C38, C41, C44, C45, C46, C47, C48, C49, C50, C51, C53, C54, C56, C57, C64, C65, C66, C69, C72, C73, C74, C75, C76, C77, C78, C79, C81, C82, C84, C85, C92, C93, C94, C97, C100, C101, C102, C103, C104, C105, C106, C107, C109, C110, C112, C113, C120, C121, C122, C125, C128, C129, C130, C131, C132, C133, C134, C135, C137, C138, C140, C141, ","72","0u1","C_Small","Capacitor_SMD:C_0402_1005Metric","Unpolarized capacitor, small symbol",""
"C14, ","1","4u7","C_Small","Capacitor_SMD:C_0603_1608Metric","Unpolarized capacitor, small symbol",""
"C15, C17, C22, ","3","47p","C_Small","Capacitor_SMD:C_0402_1005Metric","Unpolarized capacitor, small symbol",""
"C27, ","1","2u2","C_Small","Capacitor_SMD:C_0603_1608Metric","Unpolarized capacitor, small symbol",""
"C32, C60, C88, C116, ","4","1p2","C_Small","Capacitor_SMD:C_0402_1005Metric","Unpolarized capacitor, small symbol",""
"C33, C61, C89, C117, ","4","47u","C_Small","Capacitor_SMD:C_0603_1608Metric","Unpolarized capacitor, small symbol",""
"C35, C63, C91, C119, ","4","27p","C_Small","Capacitor_SMD:C_0402_1005Metric","Unpolarized capacitor, small symbol",""
"C39, C52, C67, C80, C95, C108, C123, C136, ","8","10p","C_Small","Capacitor_SMD:C_0402_1005Metric","Unpolarized capacitor, small symbol",""
"C40, C68, C96, C124, ","4","18p","C_Small","Capacitor_SMD:C_0402_1005Metric","Unpolarized capacitor, small symbol",""
"C42, C70, C98, C126, ","4","820p","C_Small","Capacitor_SMD:C_0402_1005Metric","Unpolarized capacitor, small symbol",""
"C43, C55, C71, C83, C99, C111, C127, C139, ","8","330p","C_Small","Capacitor_SMD:C_0402_1005Metric","Unpolarized capacitor, small symbol",""
"C58, C59, C86, C87, C114, C115, C142, C143, ","8","12p","C_Small","Capacitor_SMD:C_0402_1005Metric","Unpolarized capacitor, small symbol",""
"C144, C148, ","2","4u7","C_Small","Capacitor_SMD:C_0402_1005Metric","Unpolarized capacitor, small symbol",""
"C145, C149, ","2","0n1","C_Small","Capacitor_SMD:C_0402_1005Metric","Unpolarized capacitor, small symbol",""
"C146, ","1","1n","C_Small","Capacitor_SMD:C_0402_1005Metric","Unpolarized capacitor, small symbol",""
"D1, D2, D3, D4, D9, D11, D13, D15, ","8","LED_G","LED_Small","LED_SMD:LED_0603_1608Metric","Light emitting diode, small symbol",""
"D5, D6, D20, D21, ","4","PESD3V3L4UF","PESD3V3L4UF","Package_TO_SOT_SMD:SOT-886","Low capacitance unidirectional quadruple ESD protection diode array, 3.3V, Common Anode, SOT-886",""
"D7, ","1","LED_ABGR","LED_ABGR","LED_SMD:LED_Cree-PLCC4_2x2mm_CW","RGB LED, anode/blue/green/red",""
"D8, ","1","LED_R","LED_Small","LED_SMD:LED_0603_1608Metric","Light emitting diode, small symbol",""
"D10, D12, D14, D16, ","4","LED_B","LED_Small","LED_SMD:LED_0603_1608Metric","Light emitting diode, small symbol",""
"D17, D19, ","2","D_Schottky","D_Schottky","Diode_SMD:D_SOD-123F","Schottky diode",""
"D18, ","1","PRTR5V0U2X","PRTR5V0U2X","Package_TO_SOT_SMD:SOT-143","Ultra low capacitance double rail-to-rail ESD protection diode, SOT-143",""
"FID1, FID2, FID3, FID4, FID5, FID6, FID7, FID8, ","8","Fiducial","Fiducial","Fiducial:Fiducial_0.75mm_Mask1.5mm","Fiducial Marker",""
"H1, H2, H3, H4, ","4","MountingHole","MountingHole","MountingHole:MountingHole_2.2mm_M2_Pad_Via","Mounting Hole without connection",""
"H5, H6, ","2","MountingHole","MountingHole","MountingHole:MountingHole_2.2mm_M2_Pad","Mounting Hole without connection",""
"J1, ","1","TC2050","Conn_02x05_Counter_Clockwise","Tag-Connect:TC2050-IDC-NL","Generic connector, double row, 02x05, counter clockwise pin numbering scheme (similar to DIP package numbering), script generated (kicad-library-utils/schlib/autogen/connector/)",""
"J2, ","1","TC2030","Conn_02x03_Counter_Clockwise","Tag-Connect:TC2030-IDC-NL","Generic connector, double row, 02x03, counter clockwise pin numbering scheme (similar to DIP package numbering), script generated (kicad-library-utils/schlib/autogen/connector/)",""
"J3, J4, J5, J6, ","4","Uf.l","Conn_Coaxial","Connector_Coaxial:U.FL_Hirose_U.FL-R-SMT-1_Vertical","coaxial connector (BNC, SMA, SMB, SMC, Cinch/RCA, LEMO, ...)",""
"J7, ","1","USB_C_Receptacle_USB2.0","USB_C_Receptacle_USB2.0","Connector_USB:USB_C_Receptacle_XKB_U262-16XN-4BVC11","USB 2.0-only Type-C Receptacle connector",""
"J8, ","1","JST_SH_SM08B","Conn_01x08","Connector_JST:JST_SH_SM08B-SRSS-TB_1x08-1MP_P1.00mm_Horizontal","Generic connector, single row, 01x08, script generated (kicad-library-utils/schlib/autogen/connector/)",""
"L1, L2, ","2","Ferrite","L_Small","Inductor_SMD:L_0402_1005Metric_Pad0.77x0.64mm_HandSolder","Inductor, small symbol",""
"L3, ","1","4.7u","L_Small","Inductor_SMD:L_0603_1608Metric","Inductor, small symbol",""
"R1, R2, R12, R13, R25, ","5","280R","R_Small","Resistor_SMD:R_0402_1005Metric","Resistor, small symbol",""
"R3, R4, R5, R6, R7, R8, R9, R10, R11, R14, R15, R16, R17, R18, R19, R20, R21, R22, R24, ","19","0R","R_Small","Resistor_SMD:R_0402_1005Metric","Resistor, small symbol",""
"R23, ","1","2k2","R_Small","Resistor_SMD:R_0402_1005Metric","Resistor, small symbol",""
"R26, ","1","80R","R_Small","Resistor_SMD:R_0402_1005Metric","Resistor, small symbol",""
"R27, R28, R29, R38, R46, R54, R62, ","7","10K","R_Small","Resistor_SMD:R_0402_1005Metric","Resistor, small symbol",""
"R30, ","1","60R","R_Small","Resistor_SMD:R_0402_1005Metric","Resistor, small symbol",""
"R31, ","1","100R","R_Small","Resistor_SMD:R_0402_1005Metric","Resistor, small symbol",""
"R32, ","1","100K","R_Small","Resistor_SMD:R_0402_1005Metric","Resistor, small symbol",""
"R33, ","1","55K","R_Small","Resistor_SMD:R_0402_1005Metric","Resistor, small symbol",""
"R34, ","1","62K","R_Small","Resistor_SMD:R_0402_1005Metric","Resistor, small symbol",""
"R35, ","1","75K","R_Small","Resistor_SMD:R_0402_1005Metric","Resistor, small symbol",""
"R36, ","1","24K","R_Small","Resistor_SMD:R_0402_1005Metric","Resistor, small symbol",""
"R37, R41, R43, R44, R49, R51, R52, R57, R59, R60, R65, R67, R68, ","13","270R","R_Small","Resistor_SMD:R_0402_1005Metric","Resistor, small symbol",""
"R39, R47, R55, R63, ","4","16k","R_Small","Resistor_SMD:R_0402_1005Metric","Resistor, small symbol",""
"R40, R45, R48, R53, R56, R61, R64, R69, ","8","10K DNP","R_Small","Resistor_SMD:R_0402_1005Metric","Resistor, small symbol",""
"R42, R50, R58, R66, ","4","11K 1%","R_Small","Resistor_SMD:R_0402_1005Metric","Resistor, small symbol",""
"R70, R71, ","2","5.1K","R_Small","Resistor_SMD:R_0402_1005Metric","Resistor, small symbol",""
"R72, R73, ","2","33R","R_Small","Resistor_SMD:R_0402_1005Metric","Resistor, small symbol",""
"SW1, SW2, ","2","SW_Push","SW_Push","Button_Switch_SMD:Panasonic_EVQPUL_EVQPUC","Push button switch, generic, two pins",""
"SW3, ","1","SW_SPDT","SW_SPDT","Button_Switch_SMD:SW_SPDT_PCM12","Switch, single pole double throw",""
"TP1, TP2, TP3, TP4, TP5, TP6, TP7, TP8, TP9, TP10, TP11, TP12, TP13, TP14, TP15, TP16, TP17, TP18, TP19, TP20, TP21, TP22, TP23, TP24, TP25, TP26, TP27, TP28, TP29, TP30, TP31, TP32, ","32","TestPoint","TestPoint","TestPoint:TestPoint_Pad_D1.0mm","test point",""
"U1, ","1","LPC55S69JBD100","LPC55S69JBD100","Package_QFP_U:HLQFP-100_14x14mm_P0.5mm","ARM Cortex-M33 based microcontroller for embedded applications. 320 KB of on-chip SRAM, 640 KB on-chip flash.",""
"U2, ","1","MPM3610","MPM3610","Package_DFN_QFN_U:MPM3610_QFN-20_5x3mm","4.5 - 21V Buck Converter with integrated inductor and capacitors",""
"U3, U5, U7, U9, ","4","DW1000","DW1000","Package_DFN_QFN:QFN-48-1EP_6x6mm_P0.4mm_EP4.2x4.2mm_ThermalVias","fully integrated single chip Ultra Wideband (UWB) low-power low-cost transceiver IC compliant to IEEE802.15.4-2011",""
"U4, U6, U8, U10, ","4","HHM1595A1","HHM1595A1","RF_U:HHM1595A1","",""
"U11, ","1","ATX-13","ATX-13","Oscillator_U:Oscillator_SMD_Abracon_ATX13-4Pin_2.0x1.6mm","",""
"U12, ","1","NB3N551MN","NB3N551MN","Package_DFN_QFN:DFN-8-1EP_2x2mm_P0.5mm_EP0.9x1.3mm","1:4 Low Skew Clock Buffer, DFN-8",""
"Y1, ","1","16MHz","Crystal_Small","Crystal_U:Crystal_SMD_Kyocera_CX3225G-2Pin_3.2x2.5mm","Two pin crystal, small symbol",""
"Y2, ","1","32.768kHz","Crystal_Small","Crystal:Crystal_SMD_2012-2Pin_2.0x1.2mm","Two pin crystal, small symbol",""
